PassengerId,Survived
507,1
437,0
659,0
245,0
707,1
259,1
786,0
170,0
121,0
280,0
5,0
689,0
63,0
562,0
747,0
606,0
198,0
692,1
743,1
146,0
498,0
95,0
666,0
161,0
611,0
451,0
215,0
375,0
851,0
680,0
526,0
105,0
638,0
480,1
343,0
708,0
100,0
92,0
98,0
165,0
874,0
32,1
209,1
499,1
585,0
853,1
171,0
320,1
472,0
221,0
276,1
518,0
373,0
284,0
247,1
577,1
664,0
484,0
699,0
334,0
337,0
449,1
97,0
814,0
39,0
485,0
93,0
509,0
835,0
506,0
586,1
41,0
83,1
646,0
795,0
634,0
435,1
673,0
129,0
363,0
124,1
592,1
857,1
595,0
391,0
293,0
304,1
620,0
721,1
682,0
23,1
798,0
744,0
269,1
291,1
698,1
386,0
453,0
445,0
265,1
813,0
891,0
550,1
136,0
674,0
677,0
333,0
840,0
282,0
54,1
110,0
597,1
475,0
704,0
593,0
781,1
9,0
580,0
837,0
492,0
415,0
266,0
80,0
436,1
151,0
668,0
278,0
534,0
884,0
764,1
20,1
340,0
519,1
566,0
444,1
397,0
148,0
797,1
28,0
395,0
319,1
223,0
654,1
418,1
596,0
273,1
581,1
731,1
389,0
91,0
483,0
195,1
671,1
868,0
292,1
716,0
76,0
